CREATE DATABASE  BankingDB;
USE BankingDB;

CREATE TABLE Customers(
	CustomerID INT PRIMARY KEY,
    FirstName VARCHAR(50),
    LastName VARCHAR(50),
    Email VARCHAR(100),
    Phone VARCHAR(15),
    AccountCreationDate DATE
);

DESCRIBE Customers;

use BankingDB;

CREATE TABLE Accounts (
	AccountID INT,
    AccountType VARCHAR(20),
    Balance DECIMAL(10,2)
);


CREATE TABLE Transactions(
	TransactionID INT,
    TransactionDate DATE,
    Amount DECIMAL(10,2),
    TransactionType VARCHAR(20)
);


CREATE TABLE Branches(
	BranchID INT,
    BranchName VARCHAR(100),
    BranchAddress VARCHAR(200),
    BranchPhone VARCHAR(15)
);


CREATE TABLE AccountBranches(
	AssignmentDate DATE
);


CREATE TABLE Loans(
	LoanID INT,
    LoanAmount DECIMAL(10,2),
    InterestRate DECIMAL(5,2),
    StartDate DATE,
    EndDate DATE
);


ALTER TABLE Customers
ADD DateOfBirth DATE;


ALTER TABLE Customers
MODIFY Phone VARCHAR(20);



ALTER TABLE Accounts 
ADD CONSTRAINT chk_MinBalance 
CHECK (Balance>=1000);


DROP TABLE AccountBranches;

ALTER TABLE Accounts 
ADD CustomerID INT;

ALTER TABLE Accounts 
ADD CONSTRAINT FK_Accounts_Customers
FOREIGN KEY(CustomerID)
REFERENCES Customers(CustomerID);


ALTER TABLE Customers 
MODIFY FirstName VARCHAR(50) NOT NULL;

ALTER TABLE Customers 
ADD CONSTRAINT uq_Email UNIQUE (Email);


USE bankingdb;


INSERT INTO Customers
(CustomerID, FirstName, LastName, Email, Phone, DateOfBirth)
VALUES
(101,'Rahul','Sharma','rahul@gmail.com','9876543210','1998-04-15');

INSERT INTO Accounts
(AccountID, CustomerID, AccountType, Balance)
VALUES
(201,101,'Savings',25000);

SET SQL_SAFE_UPDATES=0;


UPDATE Customers 
SET Phone='9999999999'
WHERE CustomerID=101;

SELECT * FROM Customers 
WHERE CustomerID=101;

UPDATE Customers 
SET Email='rahul.sharma@gmail.com'
WHERE CustomerID=101;

SELECT * FROM Customers WHERE CustomerID=101;

USE bankingdb;

ALTER TABLE Accounts
ADD constraint fk_CustomerID
FOREIGN KEY (CustomerID) REFERENCES Customers(CustomerID);

ALTER TABLE Accounts
ADD constraint fk_CustomerID
FOREIGN KEY (CustomerID) REFERENCES Customers(CustomerID);

ALTER TABLE Branches 
ADD constraint pk_branchid
PRIMARY KEY (branchID);

ALTER TABLE Accounts 
ADD COLUMN branchID INT;

SELECT * FROM ACCOUNTS;

ALTER TABLE Accounts
ADD constraint fk_BranchID
FOREIGN KEY (BranchID) REFERENCES Branches(BranchID);

ALTER TABLE Transactions 
ADD constraint pk_TransactionID
PRIMARY KEY (TransactionID);

ALTER TABLE Transactions 
ADD COLUMN AccountID INT;

ALTER TABLE Accounts 
ADD CONSTRAINT PK_ACCOUNTID
Primary KEY (AccountID);

ALTER TABLE Transactions
ADD constraint fk_AccountID
FOREIGN KEY (AccountID) REFERENCES Accounts(AccountID);


ALTER TABLE Loans
ADD CONSTRAINT PK_LoanID
Primary KEY (LoanID);

ALTER TABLE Loans 
ADD COLUMN CustomerID INT;

ALTER TABLE Loans
ADD constraint fk_customerID_and_loan
FOREIGN KEY (CustomerID) REFERENCES Customers(CustomerID);

USE bankingdb;

SELECT * FROM Transactions;

SELECT * FROM Accounts;
DESC Transactions;

INSERT INTO TRANSACTIONs 
VALUES 
(302,'2026-03-16',25000,'credit',201);

DELETE FROM TRANSACTIONS 
WHERE TRANSACTIONID=302;

SELECT * FROM TRANSACTIONS;

SELECT * FROM ACCOUNTS;

DELETE FROM Accounts
WHERE AccountID = 202;

SELECT * FROM Accounts;

INSERT INTO Customers
(CustomerID, FirstName, LastName, Email, Phone, DateOfBirth)
VALUES
(102, 'Priya', 'Patil', 'priya@gmail.com', '9988776655', '2000-09-20'),
(103, 'Amit', 'Patel', 'amit.patel@gmail.com', '9876500001', '1995-06-18'),
(104, 'Sneha', 'Joshi', 'sneha.joshi@gmail.com', '9876500002', '1997-09-12'),
(105, 'Rohan', 'Kulkarni', 'rohan.k@gmail.com', '9876500003', '1993-11-25');

INSERT INTO Accounts
(AccountID, CustomerID, AccountType, Balance)
VALUES
(202, 102, 'Current', 40000),
(203, 103, 'Savings', 35000),
(204, 104, 'Current', 60000),
(205, 105, 'Savings', 45000);

INSERT INTO Transactions
(TransactionID, AccountID, TransactionDate, Amount, TransactionType)
VALUES
(301, 201, '2025-05-10', 5000, 'Deposit'),
(302, 202, '2025-05-11', 2500, 'Withdraw'),
(303, 203, '2025-05-12', 10000, 'Deposit'),
(304, 204, '2025-05-13', 3000, 'Withdraw'),
(305, 205, '2025-05-14', 7000, 'Deposit');

INSERT INTO Branches
(BranchID, BranchName, BranchAddress, BranchPhone)
VALUES
(1, 'Mumbai Branch', 'Andheri, Mumbai', '0221111111'),
(2, 'Pune Branch', 'Shivaji Nagar, Pune', '0202222222'),
(3, 'Nashik Branch', 'College Road, Nashik', '0253222222'),
(4, 'Nagpur Branch', 'Sitabuldi, Nagpur', '0712333333'),
(5, 'Navi Mumbai Branch', 'Vashi, Navi Mumbai', '0224444444');

INSERT INTO Loans
(LoanID, LoanAmount, InterestRate, StartDate, EndDate, CustomerID)
VALUES
(301, 500000, 8.50, '2025-01-15', '2030-01-15', 101),
(302, 300000, 9.25, '2025-02-10', '2028-02-10', 102),
(303, 750000, 8.75, '2025-03-20', '2032-03-20', 103),
(304, 250000, 10.00, '2025-04-05', '2029-04-05', 104),
(305, 1000000, 7.95, '2025-05-12', '2035-05-12', 105);

SELECT * FROM CUSTOMERS;

SELECT FirstName,LastName,Email,Phone 
FROM Customers;

SELECT accountId,AccountType,balance
from Accounts;

SELECT * FROM ACCOUNTS WHERE ACCOUNTTYPE='Savings';

SELECT * FROM ACCOUNTS WHERE BALANCE>25000;

SELECT * FROM TRANSACTIONS 
WHERE AMOUNT BETWEEN 5000 AND 20000;

SELECT * FROM CUSTOMERS 
WHERE CUSTOMERID IN (101,102,103);

SELECT * FROM CUSTOMERS 
WHERE FIRSTNAME LIKE 'R%';

SELECT * FROM ACCOUNTS;

SELECT * FROM ACCOUNTS 
WHERE BALANCE<15000;

SELECT * FROM TRANSACTIONS ;

SELECT * FROM TRANSACTIONS WHERE AMOUNT BETWEEN 1000 AND 10000;

SELECT * FROM CUSTOMERS 
WHERE CustomerID IN(104,105);

SELECT * FROM CUSTOMERS 
WHERE LASTNAME LIKE 'S%';

SELECT *
FROM Customers
ORDER BY FirstName ASC;

SELECT *
FROM Accounts
ORDER BY Balance DESC;

SELECT DISTINCT AccountType
FROM Accounts;

SELECT * FROM ACCOUNTS ORDER BY BALANCE DESC 
LIMIT 3;

SELECT * FROM TRANSACTIONS 
LIMIT 5 OFFSET 2;

SELECT * FROM CUSTOMERS 
ORDER BY LASTNAME ASC;

SELECT * FROM TRANSACTIONS 
ORDER BY AMOUNT DESC 
LIMIT 5;

SELECT DISTINCT TRANSACTIONTYPE 
FROM TRANSACTIONS;

SELECT * FROM TRANSACTIONS 
LIMIT 4 OFFSET 2;

SELECT * FROM CUSTOMERS WHERE PHONE IS NULL;

SELECT *
FROM Customers
WHERE Email IS NOT NULL;

SELECT * FROM Customers 
WHERE Email is not null;

SELECT * FROM ACCOUNTS 
WHERE BALANCE IS NOT NULL;

SELECT ACCouNTID,
	   BALANCE,
       CASE 
			WHEN BALANCE>=50000 THEN 'PREMIUM ACCOUNT'
            WHEN BALANCE>=25000 THEN 'STANDARD ACCOUNT'
            ELSE 'BASIC ACCOUNT'
		END AS ACCOUNTCATEGORY 
FROM ACCOUNTS;

SELECT * FROM TRANSACTIONS;

SELECT TRANSACTIONID,
		AMOUNT,
        CASE 
			WHEN AMOUNT>=5000 THEN 'HIGH TRANSACTION'
            WHEN AMOUNT>=10000 THEN 'MEDIUM TRANSACTION'
            ELSE 'LOW TRANSACTION'
            END AS TRANSACTIONsamount 
FROM TRANSACTIONS;

SELECT AccountID,BALANCE,
RANK() OVER(ORDER BY BALANCE DESC) AS BalanceRank
from accounts;

SELECT TRANSACTIONID,AMOUNT,
SUM(AMOUNT) OVER(ORDER BY TRANSACTIONID) AS RunningTotal
from transactions;

SELECT TRANSACTIONID,AMOUNT,
AVG(AMOUNT) OVER() AS AverageTransaction 
FROM transactions;

SELECT CUSTOMERID,ACCOUNTID,BALANCE,
RANK() OVER(ORDER BY BALANCE DESC) AS ACCOUTNBALANCELEADER
FROM ACCOUNTS;

SELECT ACCOUNTID,BALANCE,
SUM(BALANCE) OVER(ORDER BY ACCOUNTID)AS RUNNINGTOTAL
FROM ACCOUNTS;

USE Bankingdb;

SELECT TRANSACTIONID,ACCOUnTID,
AMOUNT,
MAX(AMOUNT) OVER() AS MAXIMUMtransaction
from Transactions;

use bankingdb;

SELECT * FROM CUSTOMERS WHERE firsTNAME LIKE 'A%';

SELECT * FROM CUSTOMERS WHERE EMAIL LIKE '%gmail%';

SELECT * FROM CUSTOMERS WHERE LASTNAME LIKE '%Kar';

SELECT * FROM CUSTOMERS WHERE firstname like 'R%';

SELECT * FROM CUSTOMERS WHERE EMAIL LIKE '%yahoo%';

SELECT * FROM CUSTOMERS WHERE LASTNAME LIKE 'P%';

SELECT * FROM CUSTOMERS WHERE PHONE LIKE '%99';

SELECT * FROM ACCOUNTS WHERE ACCOUNTTYPE IN ('Savings','Current');

SELECT * FROM TRANSACTIONS WHERE TRANSACTIONTYPE IN ('Deposit','Withdrawal');

SELECT * FROM CUSTOMERS WHERE CUSTOMERID IN (101,102,105);

SELECT * FROM ACCOUNTS WHERE ACCOUNTTYPE IN ('Salary','Savings');

SELECT * FROM CUSTOMERS WHERE CUSTOMERID IN (103,104);

SELECT * FROM TRANSACTIONS WHERE TRANSACTIONTYPE IN ('Payment','deposit');

SELECT * FROM ACCOUNTS WHeRE accountid in (201,205);

SELECT * FROM Customers ORDER BY LASTNAME ASC;

SELECT * FROM accounts ORDER BY BALANCE DESC;

SELECT * FROM TRANSACTIONS ORDER BY TRANSACTIONDATE DESC;

SELECT * FROM CUSTOMERS ORDER BY FIRSTNAME;

SELECT * FROM ACCOUNTS ORDER BY ACCOUNTTYPE;

SELECT * FROM TRANSACTIONS ORDER BY AMOUNT DESC;

SELECT * FROM CUSTOMERS ORDER BY DATEOFBIRTH;

SELECT * FROM ACCOUNTS 
ORDER BY BALANCE DESC
LIMIT 5;

SELECT * FROM CUSTOMERS LIMIT 3;

select * from TRANSACTIONS LIMIT 5 OFFSET 3;

SELECT * FROM TRANSACTIONS 
ORDER BY AMOUNT DESC 
LIMIT 3;

SELECT * FROM CUSTOMERS 
LIMIT 4;

SELECT * FROM ACCOUNTS 
LIMIT 3 
OFFSET 2;

SELECT * FROM TRANSACTIONS 
ORDER BY TRANSACTIONDATE DESC
LIMIT 5;

SELECT * FROM ACCOUNTS 
WHERE ACCOUNTTYPE = 'SAVINGS'
ORDER BY BALANCE DESC;

SELECT * FROM CUSTOMERS WHERE FIRSTNAME LIKE 'S%'
LIMIT 5;

SELECT * FROM TRANSACTIONS WHERE TRANSACTIONTYPE IN ('DEPOSIT','WITHDRAWAL')
ORDER BY TRANSACTIONDATE DESC;